Account.Id,Members
39786,338
46033,269
46878,264
32696,250
45779,230
45700,215
66030,168
14367,163
28449,154
47255,145
45785,130
40779,127
51547,121
38117,119
32649,117
46343,115
40336,108
14531,101
35775,98
60600,96
67597,93
52481,93
36500,87
35392,87
27850,86
21422,86
64633,85
44812,85
45778,84
64362,84
39497,83
35395,82
69225,82
45781,81
35357,81
67798,81
49587,80
18509,80
38030,80
46494,79
21885,79
59193,78
20077,77
32752,76
55621,76
20104,76
35552,75
35902,75
64783,75
44837,73
59692,73
58454,72
40930,71
39188,71
27941,71
45783,70
47257,70
36664,70
20571,69
62203,68
27849,67
31392,67
22530,66
48521,66
27881,65
62270,64
28965,61
60847,60
32808,59
58020,58
35435,58
29016,57
64739,56
38819,55
46694,54
38913,54
35419,53
41814,51
46534,50
62804,50
66803,50
67753,50
58850,50
64493,49
54166,49
62387,49
17099,48
62312,47
38144,46
15153,46
20694,46
15273,46
28438,46
63148,45
35393,45
18756,45
17109,45
67700,44
60623,44
38001,44
38134,43
50070,42
21448,42
60025,42
37403,42
38136,41
30196,41
20690,41
39963,41
32870,41
38123,41
46344,41
41736,40
59240,40
62268,40
38094,40
58860,40
48913,40
46934,39
57943,38
27839,38
40255,38
59520,38
36414,38
45633,38
66842,37
29319,37
38126,37
17128,37
62652,36
67796,36
40673,36
46687,36
50459,36
35697,36
32860,36
64740,35
67227,35
21405,35
67635,35
35764,35
58014,34
50445,34
65764,34
37406,34
26065,34
15007,33
63394,33
49442,33
52842,32
20693,32
46853,32
42898,32
66527,32
46706,32
35746,31
64850,31
17090,31
67225,30
46933,30
17070,30
54096,30
32856,30
18780,30
41356,30
21648,29
67003,29
62329,29
53060,29
58124,29
49209,29
28519,28
41177,28
62354,28
18733,28
21376,28
30750,28
48182,28
46931,27
35596,27
45701,27
63225,27
62037,27
64741,27
59254,27
67240,27
22646,27
17118,27
28396,27
67534,27
38910,26
18744,26
38463,26
38108,26
14013,26
66492,26
36612,26
61842,26
60725,26
38949,26
32869,26
20054,26
66237,25
52411,25
36501,25
37405,25
35582,25
49639,25
48966,25
28951,25
17095,25
65940,24
32667,24
54212,24
21398,24
54522,24
45618,24
33839,24
55041,24
38149,24
20556,24
52377,24
48982,24
59653,24
38139,24
27840,23
48925,23
59679,23
35427,23
40665,23
15004,23
66491,23
64948,23
18773,23
46685,23
47374,23
49916,22
38148,22
38261,22
46697,22
57929,22
36756,22
46405,22
50123,22
32825,22
62389,22
41776,22
57938,22
67797,22
54649,21
62052,21
59673,21
66497,21
35749,21
65415,21
14419,21
51815,21
66273,21
46680,21
29431,21
63734,21
48924,21
33567,21
41699,21
47340,21
32819,21
38804,21
65585,21
46684,21
20484,21
19826,21
35546,21
46186,20
15011,20
32908,20
54322,20
18785,20
20643,20
40537,20
32871,20
63110,20
33833,20
20623,20
28512,20
20586,20
57998,20
45555,20
36918,20
32776,20
46257,20
17071,20
65644,20
64070,20
48192,19
28446,19
36779,19
39059,19
21415,19
35714,19
67672,19
38713,19
54463,19
46700,19
46299,19
48317,19
53963,19
58855,19
38151,19
63226,19
59594,19
54161,19
46701,19
66495,18
58194,18
53071,18
61026,18
18605,18
45017,18
52482,18
61496,18
46319,18
55656,18
40390,18
63447,18
32653,18
61040,17
33835,17
56183,17
58009,17
32820,17
57921,17
53647,17
62269,17
13967,17
65643,17
61403,17
46704,17
20347,17
45788,17
35681,17
37412,17
58903,17
20950,17
41179,16
45069,16
20632,16
68421,16
68160,16
20701,16
54781,16
58010,16
65854,16
66661,16
67031,16
45702,16
9518,16
20076,16
29013,16
20689,16
45071,16
21413,15
59686,15
21392,15
64406,15
65306,15
32654,15
38107,15
49903,15
58015,15
58001,15
59893,15
52530,15
66750,15
63381,15
49675,15
57951,15
59628,15
64337,15
66062,15
63998,15
55880,15
52528,15
56209,15
38946,15
38145,15
13482,15
61980,15
32938,15
48604,14
66884,14
38119,14
57936,14
68341,14
40455,14
45498,14
35703,14
65734,14
40782,14
38254,14
59700,14
62977,14
21394,14
62267,14
66438,14
67881,14
41475,14
25810,14
62532,14
58456,14
28428,14
46178,14
65465,14
22620,13
50049,13
57949,13
65329,13
18487,13
66660,13
46966,13
36644,13
14440,13
28898,13
52714,13
17084,13
20608,13
37410,13
66458,13
18615,13
20584,13
28502,13
58463,13
38197,13
49000,13
64516,13
21399,13
59670,13
64568,13
14449,13
20612,12
38245,12
19516,12
46291,12
18451,12
63048,12
68212,12
46088,12
64786,12
34733,12
35566,12
32701,12
20341,12
27958,12
59629,12
38275,12
46301,12
64626,12
57860,12
54324,12
20335,12
45456,12
46283,12
50029,12
38115,12
57955,12
20337,12
20345,12
63382,12
54085,12
36936,12
32777,12
57920,12
58438,12
53068,12
54860,12
59600,12
64787,12
28944,12
48921,11
32851,11
68220,11
46287,11
62016,11
38129,11
54846,11
62345,11
58349,11
46282,11
34715,11
35562,11
65466,11
55482,11
38137,11
49716,11
57917,11
41733,11
50217,11
66493,11
32778,11
20861,11
57956,11
38121,11
60102,11
48916,11
59593,11
39942,11
46426,11
65976,11
32809,11
55554,11
21408,11
61193,10
58013,10
38110,10
21442,10
17074,10
56081,10
66268,10
60555,10
55838,10
60524,10
18589,10
61626,10
55240,10
13803,10
29721,10
38112,10
67034,10
20353,10
57940,10
17459,10
63350,10
46307,10
59671,10
34732,10
46339,10
30103,10
54523,10
33830,10
41702,10
63328,10
32780,10
20923,10
40453,10
49035,10
65303,10
58041,10
59941,9
34428,9
40877,9
60502,9
46997,9
66885,9
17574,9
60860,9
28500,9
41638,9
51122,9
20551,9
38522,9
35525,9
38513,9
13753,9
20454,9
27785,9
20706,9
39060,9
57919,9
65493,9
32739,9
68039,9
68007,9
61833,9
65474,9
35527,9
61829,9
21884,9
65977,9
21440,9
45361,9
33856,9
35279,9
40657,9
32775,9
64923,9
66503,9
54303,9
54323,9
66122,9
9317,8
61056,8
32735,8
36937,8
38219,8
47373,8
34727,8
44814,8
46300,8
15314,8
67651,8
27948,8
54655,8
66486,8
32678,8
36628,8
46707,8
57948,8
45619,8
66086,8
20902,8
15008,8
45588,8
32727,8
28505,8
62207,8
46298,8
66621,8
34717,8
46811,8
47017,8
66991,8
55673,8
68328,8
63307,8
40256,8
59277,8
34728,8
62397,8
41621,8
34731,8
13483,8
53614,8
39982,8
61230,8
32800,8
9485,8
21854,8
9356,8
17729,8
28918,8
52983,8
20351,8
32691,8
34729,8
67799,8
20559,8
20625,8
39062,8
33867,8
67111,8
57934,8
15141,8
66983,8
30229,8
54391,7
61553,7
66462,7
66485,7
13721,7
32774,7
18734,7
62952,7
39477,7
32745,7
15009,7
56108,7
66164,7
33838,7
32757,7
60445,7
32734,7
38150,7
20717,7
62672,7
48606,7
65887,7
39200,7
36929,7
28368,7
66124,7
37422,7
66121,7
64627,7
44340,7
15143,7
64878,7
63112,7
26910,7
28373,7
40258,7
33829,7
35526,7
60088,7
18749,7
29666,7
58955,7
46955,7
56207,7
21411,7
67734,7
18594,7
19281,7
38642,7
9522,7
35242,7
35659,7
15614,7
63449,7
49079,7
65438,7
40257,7
38494,7
30124,7
59224,7
68017,7
68707,7
66151,7
63500,6
61820,6
32849,6
29025,6
41637,6
20621,6
62098,6
19049,6
38236,6
18603,6
61210,6
63111,6
33475,6
34724,6
32803,6
50393,6
27774,6
66898,6
47101,6
60481,6
64088,6
41171,6
38234,6
38280,6
32659,6
18607,6
66250,6
67011,6
64392,6
36955,6
52410,6
38504,6
27853,6
45542,6
38689,6
66123,6
19597,6
56226,6
48841,6
20866,6
52980,6
30149,6
38241,6
59690,6
59117,6
59644,6
59666,6
49069,6
60476,6
38238,6
30174,6
66487,6
20585,6
13901,6
45491,6
63854,6
34777,6
43645,6
21424,6
38493,6
50000,6
65778,6
33822,5
13936,5
20500,5
54111,5
38473,5
21436,5
18473,5
66104,5
60482,5
64618,5
65328,5
59972,5
18587,5
33855,5
37665,5
49407,5
49410,5
52639,5
32722,5
34737,5
43642,5
18736,5
62755,5
29551,5
67232,5
65449,5
47682,5
48961,5
40211,5
32645,5
39312,5
20863,5
59601,5
20955,5
62558,5
31200,5
35642,5
65718,5
53096,5
15317,5
61125,5
32687,5
58091,5
38223,5
57922,5
64615,5
64017,5
60485,5
13506,5
38278,5
21409,5
40004,5
29338,5
38146,5
32779,5
66290,5
29204,5
34740,5
48880,5
20565,5
55380,5
33820,5
35532,5
57962,5
59456,5
29524,5
60507,5
67769,5
40284,5
58778,5
32655,5
50537,5
68384,5
9332,5
58297,5
17072,5
50911,5
63283,5
67768,5
32729,5
34718,5
59547,5
15374,5
68266,5
32680,5
52620,5
66488,5
18602,5
20852,5
62201,5
62842,5
67310,5
49036,5
9300,5
64608,5
32732,5
38674,5
18073,5
46337,5
63626,5
53605,5
34721,5
61485,5
68598,5
32746,5
15148,5
38505,4
49082,4
40575,4
13908,4
49952,4
41634,4
49652,4
20904,4
65899,4
66552,4
34807,4
46686,4
29171,4
52972,4
49626,4
32723,4
18468,4
38239,4
33095,4
66841,4
38242,4
14094,4
32812,4
37675,4
32643,4
39061,4
15293,4
35745,4
27971,4
64567,4
30155,4
63291,4
40569,4
27044,4
58963,4
33834,4
48996,4
46967,4
32726,4
34741,4
37658,4
33854,4
39421,4
49151,4
35809,4
54710,4
13734,4
64342,4
51112,4
37487,4
46776,4
59903,4
13849,4
13500,4
34716,4
33849,4
53082,4
22582,4
33090,4
34725,4
13663,4
45888,4
34719,4
33474,4
59654,4
64606,4
18609,4
27809,4
13497,4
38111,4
61635,4
52389,4
53617,4
54358,4
40667,4
28522,4
13618,4
50910,4
38355,4
55381,4
63390,4
16887,4
62680,4
33097,4
46665,4
61229,4
48955,4
41392,4
20868,4
50529,4
32736,4
34720,4
33841,4
59216,4
46699,4
13718,4
40562,4
32647,4
14101,4
32738,4
28971,4
58283,4
59542,4
14121,4
33842,4
56180,4
66305,4
27275,4
37672,4
38244,4
64616,4
33089,4
39303,4
15150,4
32705,4
68214,4
64613,4
60514,4
13896,4
32731,4
64607,4
20683,4
20096,4
35542,4
38227,4
20961,4
17067,4
40694,4
64947,4
68651,4
62222,4
9298,4
41641,4
57926,4
41398,4
38258,4
28506,4
20614,4
57972,4
38470,4
59595,4
54889,4
64945,4
49405,3
65744,3
62151,3
13510,3
36893,3
34735,3
38224,3
60497,3
46965,3
13518,3
46945,3
38235,3
32719,3
66115,3
58412,3
33088,3
39580,3
60525,3
67558,3
38246,3
45268,3
52979,3
25975,3
46321,3
38487,3
51717,3
33094,3
14763,3
38218,3
66951,3
14986,3
38166,3
61658,3
60499,3
38273,3
36922,3
26442,3
48824,3
45907,3
9362,3
32657,3
46345,3
60517,3
40551,3
62486,3
35536,3
38138,3
21419,3
49073,3
33478,3
57935,3
26508,3
52531,3
38871,3
20474,3
33850,3
21407,3
66302,3
32811,3
49076,3
60500,3
66067,3
32748,3
60477,3
41384,3
18545,3
54497,3
68052,3
38486,3
28948,3
13889,3
61663,3
60490,3
32813,3
49415,3
32690,3
46968,3
33469,3
26184,3
38132,3
36374,3
18899,3
63330,3
35759,3
60496,3
46281,3
32756,3
36629,3
38229,3
13526,3
26510,3
62895,3
61538,3
65966,3
60505,3
18630,3
45394,3
59660,3
32850,3
35661,3
30826,3
33651,3
41692,3
33843,3
55732,3
68087,3
62038,3
33471,3
38326,3
38483,3
27045,3
30746,3
32810,3
33102,3
32844,3
60498,3
61340,3
40000,3
32661,3
20908,3
41603,3
47182,3
33096,3
13829,3
18231,3
61606,3
64861,3
45674,3
41406,3
29584,3
48296,3
29040,3
68834,3
49409,3
52981,3
38248,3
18219,3
66317,3
38225,3
21454,3
32666,3
49437,3
49417,3
13539,3
48919,3
35457,3
18617,3
36645,3
46777,3
34816,3
33845,3
38228,3
39994,3
38259,3
60489,3
14120,3
38216,3
20618,3
59676,3
36862,3
53038,3
64614,3
32672,3
10714,3
39407,3
49391,3
32669,3
57947,3
54458,3
60503,3
38457,3
39988,3
26512,3
32700,3
28896,3
60483,3
18583,3
29583,3
17730,3
59659,3
60741,3
54100,3
48842,2
32692,2
18076,2
66517,2
41677,2
66955,2
35282,2
18740,2
55179,2
45504,2
20864,2
33479,2
68836,2
14764,2
65779,2
13502,2
54472,2
41591,2
38465,2
55491,2
20844,2
68043,2
17936,2
32835,2
59135,2
64780,2
30107,2
62355,2
32712,2
38720,2
29523,2
62447,2
32686,2
62266,2
62097,2
62074,2
20503,2
67241,2
34726,2
49027,2
62315,2
41170,2
36888,2
68329,2
48965,2
40890,2
36948,2
32818,2
45607,2
13516,2
55666,2
60492,2
32815,2
61127,2
67748,2
49672,2
13256,2
36974,2
34481,2
38256,2
46947,2
62722,2
33093,2
57928,2
40561,2
60484,2
34736,2
33826,2
38217,2
41635,2
33869,2
38237,2
49406,2
66816,2
65027,2
29031,2
18263,2
45682,2
20604,2
60501,2
38220,2
54885,2
46077,2
32847,2
46315,2
13514,2
38251,2
45505,2
33860,2
60478,2
18795,2
65276,2
38243,2
64288,2
29011,2
38947,2
61981,2
59270,2
49867,2
63043,2
32741,2
64609,2
59408,2
58005,2
59648,2
46859,2
13517,2
32704,2
20679,2
60521,2
68095,2
60518,2
29521,2
20106,2
18732,2
39989,2
62021,2
29518,2
65651,2
63538,2
13314,2
64217,2
12985,2
37379,2
63004,2
61272,2
40757,2
32662,2
61335,2
18647,2
60519,2
33466,2
64793,2
30858,2
32733,2
53097,2
68588,2
46948,2
33661,2
32682,2
68342,2
37671,2
9432,2
27846,2
14058,2
39313,2
45871,2
33468,2
28359,2
47291,2
33322,2
32644,2
39833,2
46972,2
59790,2
14981,2
37214,2
37649,2
68097,2
32834,2
68317,2
37617,2
53475,2
67304,2
38230,2
39996,2
61267,2
45784,2
61854,2
38130,2
59681,2
38141,2
28987,2
18754,2
59675,2
49408,2
41885,2
66213,2
60740,2
40002,2
58957,2
20892,2
32799,2
68348,2
39984,2
17170,2
67592,2
59789,2
18272,2
14073,2
65531,2
33824,2
62199,2
50343,2
38498,2
32656,2
62039,2
63367,2
64229,2
45314,2
14093,2
33091,2
40963,2
58750,2
63768,2
33761,2
32742,2
46722,2
39987,2
38309,2
38539,2
39990,2
32651,2
33092,2
29585,2
20477,2
25950,2
60520,2
48472,2
20972,1
60528,1
67072,1
46365,1
37414,1
32671,1
64619,1
50309,1
19280,1
20903,1
33472,1
35232,1
13509,1
50924,1
68130,1
33821,1
33844,1
18524,1
35836,1
67303,1
32730,1
20479,1
65374,1
18613,1
64137,1
13543,1
66997,1
41412,1
34792,1
48569,1
34746,1
33859,1
39332,1
40305,1
33467,1
67012,1
67742,1
33498,1
58699,1
41178,1
64513,1
53613,1
37669,1
52479,1
63150,1
50919,1
18233,1
49737,1
68403,1
38476,1
68337,1
32677,1
13813,1
59638,1
52883,1
52196,1
54099,1
64361,1
48957,1
41340,1
32675,1
55950,1
46973,1
58961,1
58832,1
60647,1
34722,1
49721,1
61082,1
46730,1
35584,1
66619,1
64704,1
66404,1
33480,1
64512,1
49593,1
32673,1
41338,1
46971,1
64071,1
62025,1
64781,1
60493,1
67944,1
64624,1
39357,1
20622,1
14757,1
39998,1
63041,1
32816,1
40382,1
68557,1
60834,1
64620,1
52197,1
60739,1
18741,1
51456,1
9375,1
32833,1
47062,1
65762,1
46970,1
64265,1
64881,1
53766,1
40693,1
14776,1
9329,1
64617,1
63372,1
64374,1
34639,1
43644,1
46936,1
65121,1
61214,1
68121,1
36371,1
32744,1
18772,1
63452,1
38342,1
48229,1
60523,1
33470,1
62762,1
60841,1
9446,1
32703,1
66214,1
45553,1
38276,1
18737,1
55231,1
19278,1
29222,1
65649,1
59106,1
32648,1
46683,1
45495,1
36570,1
49328,1
46969,1
64611,1
33825,1
41176,1
52480,1
13871,1
40323,1
36934,1
31246,1
33476,1
36965,1
46795,1
37615,1
67393,1
45604,1
46907,1
51810,1
49411,1
59702,1
29371,1
60506,1
38497,1
65650,1
51690,1
59264,1
32706,1
20486,1
64356,1
49403,1
33851,1
15139,1
57996,1
31206,1
28916,1
18637,1
